<?xml version="1.0" encoding="UTF-8"?>
<project-private xmlns="http://www.netbeans.org/ns/project-private/1">
    <editor-bookmarks xmlns="http://www.netbeans.org/ns/editor-bookmarks/2" lastBookmarkId="0"/>
    <open-files xmlns="http://www.netbeans.org/ns/projectui-open-files/2">
        <group>
            <file>file:/C:/Users/crist/OneDrive%20-%20STI%20College%20San%20Pablo/Documents/NetBeansProjects/Oop_Final_Project/src/oop_final_project/book_Class.java</file>
            <file>file:/C:/Users/crist/OneDrive%20-%20STI%20College%20San%20Pablo/Documents/NetBeansProjects/Oop_Final_Project/src/oop_final_project/admin_Class.java</file>
            <file>file:/C:/Users/crist/OneDrive%20-%20STI%20College%20San%20Pablo/Documents/NetBeansProjects/Oop_Final_Project/src/oop_final_project/user_Class.java</file>
            <file>file:/C:/Users/crist/OneDrive%20-%20STI%20College%20San%20Pablo/Documents/NetBeansProjects/Oop_Final_Project/src/oop_final_project/books_Abstract.java</file>
            <file>file:/C:/Users/crist/OneDrive%20-%20STI%20College%20San%20Pablo/Documents/NetBeansProjects/Oop_Final_Project/src/oop_final_project/LibDB.java</file>
            <file>file:/C:/Users/crist/OneDrive%20-%20STI%20College%20San%20Pablo/Documents/NetBeansProjects/Oop_Final_Project/src/oop_final_project/book_methods.java</file>
        </group>
    </open-files>
</project-private>
